,DOI
1,https://journals.sagepub.com/doi/pdf/10.1177/0022242918812056
2,https://journals.sagepub.com/doi/pdf/10.1177/0022242918812055
3,https://journals.sagepub.com/doi/pdf/10.1177/0022242918814254
4,https://journals.sagepub.com/doi/pdf/10.1177/0022242918815895
5,https://journals.sagepub.com/doi/pdf/10.1177/0022242918805485
6,https://journals.sagepub.com/doi/pdf/10.1177/0022242918805455
7,https://journals.sagepub.com/doi/pdf/10.1177/0022242918805059
8,https://journals.sagepub.com/doi/pdf/10.1177/0022242918807170
9,https://journals.sagepub.com/doi/pdf/10.1177/0022242918805468
10,https://journals.sagepub.com/doi/pdf/10.1177/0022242918805405
11,https://journals.sagepub.com/doi/pdf/10.1177/0022242918805411
12,https://journals.sagepub.com/doi/pdf/10.1177/0022242918815894
13,https://journals.sagepub.com/doi/pdf/10.1177/0022242918807673
14,https://journals.sagepub.com/doi/pdf/10.1177/0022242918809380
15,https://journals.sagepub.com/doi/pdf/10.1177/0022242918818404
16,https://journals.sagepub.com/doi/pdf/10.1177/0022242918815880
17,https://journals.sagepub.com/doi/pdf/10.1177/0022242918816319
18,https://journals.sagepub.com/doi/pdf/10.1177/0022242918799699
19,https://journals.sagepub.com/doi/pdf/10.1509/jm.10.0231
20,https://journals.sagepub.com/doi/pdf/10.1509/jm.12.0338
21,https://journals.sagepub.com/doi/pdf/10.1509/jmkg.71.2.196
22,https://journals.sagepub.com/doi/pdf/10.1509/jmkg.75.4.183
23,https://journals.sagepub.com/doi/pdf/10.1509/jmkg.71.2.169
24,https://journals.sagepub.com/doi/pdf/10.1509/jmkg.75.4.196
25,https://journals.sagepub.com/doi/pdf/10.1509/jmkg.75.4.155
26,https://journals.sagepub.com/doi/pdf/10.1509/jmkg.74.6.18
27,https://journals.sagepub.com/doi/pdf/10.1509/jmkg.75.4.21
28,https://journals.sagepub.com/doi/pdf/10.1509/jm.10.0280
29,https://journals.sagepub.com/doi/pdf/10.1509/jmkg.75.4.35
30,https://journals.sagepub.com/doi/pdf/10.1509/jm.09.0512
31,https://journals.sagepub.com/doi/pdf/10.1509/jm.10.0445
32,https://journals.sagepub.com/doi/pdf/10.1509/jm.10.0444
33,https://journals.sagepub.com/doi/pdf/10.1509/jm.12.0167
34,https://journals.sagepub.com/doi/pdf/10.1509/jm.12.0166
35,https://journals.sagepub.com/doi/pdf/10.1509/jm.14.0249
36,https://journals.sagepub.com/doi/pdf/10.1509/jm.13.0198
37,https://journals.sagepub.com/doi/pdf/10.1509/jm.15.0275
38,https://journals.sagepub.com/doi/pdf/10.1509/jm.14.0473
39,https://journals.sagepub.com/doi/pdf/10.1509/jm.15.0300
40,https://journals.sagepub.com/doi/pdf/10.1509/jm.16.0018
41,https://journals.sagepub.com/doi/pdf/10.1509/jmkg.69.3.66.66368
42,https://journals.sagepub.com/doi/pdf/10.1509/jmkg.69.3.152.66361
43,https://journals.sagepub.com/doi/pdf/10.1509/jmkg.2005.69.4.239
44,https://journals.sagepub.com/doi/pdf/10.1509/jmkg.2005.69.4.167
45,https://journals.sagepub.com/doi/pdf/10.1509/jmkg.69.3.49.66362
46,https://journals.sagepub.com/doi/pdf/10.1509/jmkg.66.3.128.18509
47,https://journals.sagepub.com/doi/pdf/10.1509/jmkg.65.3.1.18332
48,https://journals.sagepub.com/doi/pdf/10.1509/jmkg.65.3.64.18333
49,https://journals.sagepub.com/doi/pdf/10.1509/jmkg.66.1.55.18455
50,https://journals.sagepub.com/doi/pdf/10.1509/jmkg.64.2.51.17995
51,https://journals.sagepub.com/doi/pdf/10.1509/jmkg.64.4.52.18075
52,https://journals.sagepub.com/doi/pdf/10.1509/jmkg.67.3.129.18650
53,https://journals.sagepub.com/doi/pdf/10.1509/jmkg.67.4.103.18692
54,https://journals.sagepub.com/doi/pdf/10.1509/jm.08.0204
55,https://journals.sagepub.com/doi/pdf/10.1509/jmkg.64.3.18.18026
56,https://journals.sagepub.com/doi/pdf/10.1509/jm.09.0589
57,https://journals.sagepub.com/doi/pdf/10.1177/0022242918809930
58,https://journals.sagepub.com/doi/pdf/10.1509/jm.15.0229
59,https://journals.sagepub.com/doi/pdf/10.1509/jm.15.0015
60,https://journals.sagepub.com/doi/pdf/10.1509/jm.15.0372
61,https://journals.sagepub.com/doi/pdf/10.1509/jm.15.0414
62,https://journals.sagepub.com/doi/pdf/10.1509/jm.16.0057
63,https://journals.sagepub.com/doi/pdf/10.1509/jm.15.0215
64,https://journals.sagepub.com/doi/pdf/10.1509/jm.15.0205
65,https://journals.sagepub.com/doi/pdf/10.1509/jm.16.0457
66,https://journals.sagepub.com/doi/pdf/10.1509/jm.16.0120
67,https://journals.sagepub.com/doi/pdf/10.1509/jmkg.74.3.107
68,https://journals.sagepub.com/doi/pdf/10.1509/jm.14.0100
69,https://journals.sagepub.com/doi/pdf/10.1509/jm.15.0358
70,https://journals.sagepub.com/doi/pdf/10.1509/jm.15.0402
71,https://journals.sagepub.com/doi/pdf/10.1509/jm.15.0060
72,https://journals.sagepub.com/doi/pdf/10.1509/jm.15.0074
73,https://journals.sagepub.com/doi/pdf/10.1509/jm.16.0082
74,https://journals.sagepub.com/doi/pdf/10.1509/jm.14.0089
75,https://journals.sagepub.com/doi/pdf/10.1509/jm.16.0055
76,https://journals.sagepub.com/doi/pdf/10.1509/jmkg.75.4.86
77,https://journals.sagepub.com/doi/pdf/10.1509/jm.77.2.i
78,https://journals.sagepub.com/doi/pdf/10.1509/jmkg.75.5.88
79,https://journals.sagepub.com/doi/pdf/10.1509/jm.11.0297
80,https://journals.sagepub.com/doi/pdf/10.1509/jmkg.74.6.41
81,https://journals.sagepub.com/doi/pdf/10.1509/jm.13.0301
82,https://journals.sagepub.com/doi/pdf/10.1509/jm.15.0417
83,https://journals.sagepub.com/doi/pdf/10.1509/jm.14.0288
84,https://journals.sagepub.com/doi/pdf/10.1509/jm.09.0416
85,https://journals.sagepub.com/doi/pdf/10.1177/0022242918817000
86,https://journals.sagepub.com/doi/pdf/10.1177/0022242918813308
87,https://journals.sagepub.com/doi/pdf/10.1509/jmkg.65.4.33.18386
88,https://journals.sagepub.com/doi/pdf/10.1509/jmkg.66.3.61.18501
89,https://journals.sagepub.com/doi/pdf/10.1509/jmkg.65.4.51.18380
90,https://journals.sagepub.com/doi/pdf/10.1509/jmkg.73.5.70
91,https://journals.sagepub.com/doi/pdf/10.1509/jmkg.64.4.36.18070
92,https://journals.sagepub.com/doi/pdf/10.1509/jmkg.68.2.72.27793
93,https://journals.sagepub.com/doi/pdf/10.1509/jmkg.67.1.29.18586
94,https://journals.sagepub.com/doi/pdf/10.1509/jmkg.70.2.122
95,https://journals.sagepub.com/doi/pdf/10.1509/jmkg.64.2.80.17996
96,https://journals.sagepub.com/doi/pdf/10.1509/jmkg.68.4.142.42724
97,https://journals.sagepub.com/doi/pdf/10.1509/jmkg.66.3.82.18504
98,https://journals.sagepub.com/doi/pdf/10.1509/jmkg.68.4.60.42736
99,https://journals.sagepub.com/doi/pdf/10.1509/jmkg.68.2.36.27794
100,https://journals.sagepub.com/doi/pdf/10.1509/jmkg.67.3.19.18657
101,https://journals.sagepub.com/doi/pdf/10.1509/jmkg.70.4.170
102,https://journals.sagepub.com/doi/pdf/10.1509/jmkg.2005.69.4.26
103,https://journals.sagepub.com/doi/pdf/10.1509/jmkg.69.1.63.55511
104,https://journals.sagepub.com/doi/pdf/10.1509/jmkg.65.4.1.18388
105,https://journals.sagepub.com/doi/pdf/10.1509/jmkg.71.2.133
106,https://journals.sagepub.com/doi/pdf/10.1509/jm.15.0006
107,https://journals.sagepub.com/doi/pdf/10.1509/jmkg.70.2.108
108,https://journals.sagepub.com/doi/pdf/10.1509/jm.14.0199
109,https://journals.sagepub.com/doi/pdf/10.1509/jmkg.72.2.114
110,https://journals.sagepub.com/doi/pdf/10.1509/jmkg.66.1.73.18450
111,https://journals.sagepub.com/doi/pdf/10.1509/jmkg.67.1.77.18589
112,https://journals.sagepub.com/doi/pdf/10.1509/jmkg.66.4.72.18516
113,https://journals.sagepub.com/doi/pdf/10.1509/jmkg.69.1.80.55505
114,https://journals.sagepub.com/doi/pdf/10.1509/jmkg.68.2.114.27788
115,https://journals.sagepub.com/doi/pdf/10.1509/jm.11.0225
116,https://journals.sagepub.com/doi/pdf/10.1509/jm.11.0255
117,https://journals.sagepub.com/doi/pdf/10.1177/0022242918817549
118,https://journals.sagepub.com/doi/pdf/10.1509/jmkg.72.5.050
119,https://journals.sagepub.com/doi/pdf/10.1509/jm.74.2.55
120,https://journals.sagepub.com/doi/pdf/10.1509/jmkg.72.6.031
121,https://journals.sagepub.com/doi/pdf/10.1509/jmkg.71.4.084
122,https://journals.sagepub.com/doi/pdf/10.1509/jmkg.72.6.003
123,https://journals.sagepub.com/doi/pdf/10.1509/jmkg.72.3.082
124,https://journals.sagepub.com/doi/pdf/10.1509/jmkg.72.1.095
125,https://journals.sagepub.com/doi/pdf/10.1509/jmkg.74.3.018
126,https://journals.sagepub.com/doi/pdf/10.1509/jmkg.73.3.001
127,https://journals.sagepub.com/doi/pdf/10.1509/jmkg.74.4.045
128,https://journals.sagepub.com/doi/pdf/10.1509/jmkg.74.4.001
129,https://journals.sagepub.com/doi/pdf/10.1509/jmkg.74.5.048
130,https://journals.sagepub.com/doi/pdf/10.1509/jmkg.72.6.098
131,https://journals.sagepub.com/doi/pdf/10.1509/jmkg.70.1.001.qxd
132,https://journals.sagepub.com/doi/pdf/10.1509/jmkg.66.1.120.18448a
133,https://journals.sagepub.com/doi/pdf/10.1509/jmkg.72.6.001
134,https://journals.sagepub.com/doi/pdf/10.1509/jmkg.70.3.044
135,https://journals.sagepub.com/doi/pdf/10.1509/jmkg.73.4.082
136,https://journals.sagepub.com/doi/pdf/10.1509/jmkg.74.4.063
137,https://journals.sagepub.com/doi/pdf/10.1509/jmkg.71.4.063
138,https://journals.sagepub.com/doi/pdf/10.1509/jmkg.70.2.095
139,https://journals.sagepub.com/doi/pdf/10.1509/jmkg.72.3.014
140,https://journals.sagepub.com/doi/pdf/10.1509/jmkg.71.2.094
141,https://journals.sagepub.com/doi/pdf/10.1509/jmkg.73.1.003
142,https://journals.sagepub.com/doi/pdf/10.1509/jm.75.2.75
143,https://journals.sagepub.com/doi/pdf/10.1509/jm.75.1.31
144,https://journals.sagepub.com/doi/pdf/10.1509/jm.75.2.109
145,https://journals.sagepub.com/doi/pdf/10.1509/jmkg.70.3.003
146,https://journals.sagepub.com/doi/pdf/10.1509/jmkg.72.3.032
147,https://journals.sagepub.com/doi/pdf/10.1509/jm.74.2.105
148,https://journals.sagepub.com/doi/pdf/10.1509/jmkg.74.4.031
149,https://journals.sagepub.com/doi/pdf/10.1509/jmkg.73.3.069
150,https://journals.sagepub.com/doi/pdf/10.1509/jm.75.2.125
151,https://journals.sagepub.com/doi/pdf/10.1509/jmkg.72.5.069
152,https://journals.sagepub.com/doi/pdf/10.1509/jmkg.74.4.097
153,https://journals.sagepub.com/doi/pdf/10.1509/jmkg.73.1.059
154,https://journals.sagepub.com/doi/pdf/10.1509/jmkg.70.3.021
155,https://journals.sagepub.com/doi/pdf/10.1509/jmkg.73.1.075
156,https://journals.sagepub.com/doi/pdf/10.1509/jmkg.70.4.037
157,https://journals.sagepub.com/doi/pdf/10.1509/jmkg.70.4.056
158,https://journals.sagepub.com/doi/pdf/10.1509/jmkg.71.4.036
159,https://journals.sagepub.com/doi/pdf/10.1509/jmkg.71.1.095
160,https://journals.sagepub.com/doi/pdf/10.1509/jmkg.74.3.034
161,https://journals.sagepub.com/doi/pdf/10.1509/jmkg.71.2.001
162,https://journals.sagepub.com/doi/pdf/10.1509/jmkg.66.4.118.18521a
163,https://journals.sagepub.com/doi/pdf/10.1509/jmkg.71.3.052
164,https://journals.sagepub.com/doi/pdf/10.1509/jmkg.72.6.065
165,https://journals.sagepub.com/doi/pdf/10.1509/jmkg.74.3.093
166,https://journals.sagepub.com/doi/pdf/10.1509/jmkg.74.5.080
167,https://journals.sagepub.com/doi/pdf/10.1509/jmkg.70.4.092
168,https://journals.sagepub.com/doi/pdf/10.1509/jmkg.73.4.097
169,https://journals.sagepub.com/doi/pdf/10.1509/jmkg.71.1.067
170,https://journals.sagepub.com/doi/pdf/10.1509/jmkg.74.5.093
171,https://journals.sagepub.com/doi/pdf/10.1509/jm.75.1.96
172,https://journals.sagepub.com/doi/pdf/10.1509/jmkg.68.1.166.24033a
173,https://journals.sagepub.com/doi/pdf/10.1509/jmkg.74.3.001
174,https://journals.sagepub.com/doi/pdf/10.1509/jmkg.73.4.141
175,https://journals.sagepub.com/doi/pdf/10.1509/jmkg.71.2.026
176,https://journals.sagepub.com/doi/pdf/10.1509/jmkg.73.1.044
177,https://journals.sagepub.com/doi/pdf/10.1509/jmkg.73.4.044
178,https://journals.sagepub.com/doi/pdf/10.1509/jmkg.72.3.001
179,https://journals.sagepub.com/doi/pdf/10.1509/jmkg.71.1.084
180,https://journals.sagepub.com/doi/pdf/10.1509/jm.75.2.18
181,https://journals.sagepub.com/doi/pdf/10.1509/jmkg.72.1.001
182,https://journals.sagepub.com/doi/pdf/10.1509/jm.75.1.60
183,https://journals.sagepub.com/doi/pdf/10.1509/jm.74.2.71
184,https://journals.sagepub.com/doi/pdf/10.1509/jmkg.72.5.015
185,https://journals.sagepub.com/doi/pdf/10.1509/jmkg.71.2.079
186,https://journals.sagepub.com/doi/pdf/10.1509/jmkg.70.1.092.qxd
187,https://journals.sagepub.com/doi/pdf/10.1509/jmkg.73.3.035
188,https://journals.sagepub.com/doi/pdf/10.1509/jm.75.2.55
189,https://journals.sagepub.com/doi/pdf/10.1509/jmkg.70.2.067
190,https://journals.sagepub.com/doi/pdf/10.1509/jmkg.71.2.012
191,https://journals.sagepub.com/doi/pdf/10.1509/jmkg.64.1.104.17991c
192,https://journals.sagepub.com/doi/pdf/10.1509/jmkg.71.2.061
193,https://journals.sagepub.com/doi/pdf/10.1509/jmkg.68.3.124.34771a
194,https://journals.sagepub.com/doi/pdf/10.1509/jmkg.72.6.049
195,https://journals.sagepub.com/doi/pdf/10.1509/jmkg.70.1.137.qxd
196,https://journals.sagepub.com/doi/pdf/10.1509/jmkg.72.4.012
197,https://journals.sagepub.com/doi/pdf/10.1509/jmkg.72.5.098
198,https://journals.sagepub.com/doi/pdf/10.1509/jmkg.70.2.001
199,https://journals.sagepub.com/doi/pdf/10.1509/jmkg.73.1.093
200,https://journals.sagepub.com/doi/pdf/10.1509/jmkg.72.5.031
201,https://journals.sagepub.com/doi/pdf/10.1509/jmkg.74.5.032
202,https://journals.sagepub.com/doi/pdf/10.1509/jmkg.72.5.084
203,https://journals.sagepub.com/doi/pdf/10.1509/jmkg.73.1.001
204,https://journals.sagepub.com/doi/pdf/10.1509/jmkg.73.3.019
205,https://journals.sagepub.com/doi/pdf/10.1509/jmkg.71.4.019
206,https://journals.sagepub.com/doi/pdf/10.1509/jmkg.72.1.046
207,https://journals.sagepub.com/doi/pdf/10.1509/jmkg.72.1.082
208,https://journals.sagepub.com/doi/pdf/10.1509/jmkg.64.1.104.17991a
209,https://journals.sagepub.com/doi/pdf/10.1509/jmkg.72.6.019
210,https://journals.sagepub.com/doi/pdf/10.1509/jm.75.2.93
211,https://journals.sagepub.com/doi/pdf/10.1509/jmkg.73.4.004
212,https://journals.sagepub.com/doi/pdf/10.1509/jm.75.2.1
213,https://journals.sagepub.com/doi/pdf/10.1509/jmkg.71.4.001
214,https://journals.sagepub.com/doi/pdf/10.1509/jmkg.70.3.005
215,https://journals.sagepub.com/doi/pdf/10.1509/jmkg.70.4.019
216,https://journals.sagepub.com/doi/pdf/10.1509/jmkg.71.1.049
217,https://journals.sagepub.com/doi/pdf/10.1509/jmkg.70.1.079.qxd
218,https://journals.sagepub.com/doi/pdf/10.1509/jm.75.1.16
219,https://journals.sagepub.com/doi/pdf/10.1509/jmkg.74.4.081
220,https://journals.sagepub.com/doi/pdf/10.1509/jmkg.64.2.122.18003a
221,https://journals.sagepub.com/doi/pdf/10.1509/jmkg.72.4.029
222,https://journals.sagepub.com/doi/pdf/10.1509/jm.75.2.36
223,https://journals.sagepub.com/doi/pdf/10.1509/jmkg.72.3.094
224,https://journals.sagepub.com/doi/pdf/10.1509/jmkg.73.4.031
225,https://journals.sagepub.com/doi/pdf/10.1509/jmkg.70.1.065.qxd
226,https://journals.sagepub.com/doi/pdf/10.1509/jmkg.72.6.081
227,https://journals.sagepub.com/doi/pdf/10.1509/jmkg.72.4.044
228,https://journals.sagepub.com/doi/pdf/10.1509/jm.74.2.133
229,https://journals.sagepub.com/doi/pdf/10.1509/jmkg.64.1.104.17991b
230,https://journals.sagepub.com/doi/pdf/10.1509/jmkg.73.3.099
231,https://journals.sagepub.com/doi/pdf/10.1509/jmkg.74.5.061
232,https://journals.sagepub.com/doi/pdf/10.1509/jmkg.71.3.018
233,https://journals.sagepub.com/doi/pdf/10.1509/jmkg.73.4.064
234,https://journals.sagepub.com/doi/pdf/10.1509/jmkg.65.4.117.18383a
235,https://journals.sagepub.com/doi/pdf/10.1509/jmkg.70.1.119.qxd
236,https://journals.sagepub.com/doi/pdf/10.1509/jmkg.70.3.090
237,https://journals.sagepub.com/doi/pdf/10.1509/jmkg.71.2.045
238,https://journals.sagepub.com/doi/pdf/10.1509/jmkg.72.3.064
239,https://journals.sagepub.com/doi/pdf/10.1509/jmkg.70.2.035
240,https://journals.sagepub.com/doi/pdf/10.1509/jmkg.74.3.048
241,https://journals.sagepub.com/doi/pdf/10.1509/jm.75.1.46
242,https://journals.sagepub.com/doi/pdf/10.1509/jmkg.71.4.048
243,https://journals.sagepub.com/doi/pdf/10.1509/mkg.67.4.18.18689
244,https://journals.sagepub.com/doi/pdf/10.1509/jm.74.2.121
245,https://journals.sagepub.com/doi/pdf/10.1509/jmkg.69.3.169.66366a
246,https://journals.sagepub.com/doi/pdf/10.1509/jmkg.70.1.015.qxd
247,https://journals.sagepub.com/doi/pdf/10.1509/jmkg.74.4.015
248,https://journals.sagepub.com/doi/pdf/10.1509/jmkg.70.2.052
249,https://journals.sagepub.com/doi/pdf/10.1509/jmkg.72.4.058
250,https://journals.sagepub.com/doi/pdf/10.1509/jmkg.72.4.076
251,https://journals.sagepub.com/doi/pdf/10.1509/jm.75.1.78
252,https://journals.sagepub.com/doi/pdf/10.1509/jmkg.73.4.001
253,https://journals.sagepub.com/doi/pdf/10.1509/jmkg.71.3.039
254,https://journals.sagepub.com/doi/pdf/10.1509/jmkg.72.4.001
255,https://journals.sagepub.com/doi/pdf/10.1509/jmkg.73.3.086
256,https://journals.sagepub.com/doi/pdf/10.1177/0022242918813577
257,https://journals.sagepub.com/doi/pdf/10.1509/jm.11.0477
258,https://journals.sagepub.com/doi/pdf/10.1509/jmkg.71.1.178
259,https://journals.sagepub.com/doi/pdf/10.1509/jmkg.2005.69.4.210
260,https://journals.sagepub.com/doi/pdf/10.1509/jmkg.73.5.19
261,https://journals.sagepub.com/doi/pdf/10.1509/jmkg.72.4.090
262,https://journals.sagepub.com/doi/pdf/10.1509/jmkg.73.5.1
263,https://journals.sagepub.com/doi/pdf/10.1509/jmkg.72.3.111
264,https://journals.sagepub.com/doi/pdf/10.1509/jmkg.73.6.77
265,https://journals.sagepub.com/doi/pdf/10.1509/jmkg.68.4.76.42721
266,https://journals.sagepub.com/doi/pdf/10.1509/jmkg.72.2.63
267,https://journals.sagepub.com/doi/pdf/10.1509/jmkg.72.2.133
268,https://journals.sagepub.com/doi/pdf/10.1509/jmkg.73.2.88
269,https://journals.sagepub.com/doi/pdf/10.1509/jmkg.73.5.52
270,https://journals.sagepub.com/doi/pdf/10.1509/jmkg.74.1.80
271,https://journals.sagepub.com/doi/pdf/10.1509/jmkg.74.1.94
272,https://journals.sagepub.com/doi/pdf/10.1509/jmkg.74.5.iii
273,https://journals.sagepub.com/doi/pdf/10.1509/jm.10.0205
274,https://journals.sagepub.com/doi/pdf/10.1509/jmkg.74.6.128
275,https://journals.sagepub.com/doi/pdf/10.1509/jm.09.0034
276,https://journals.sagepub.com/doi/pdf/10.1509/jm.11.0349
277,https://journals.sagepub.com/doi/pdf/10.1509/jm.11.0205
278,https://journals.sagepub.com/doi/pdf/10.1509/jm.11.0403
279,https://journals.sagepub.com/doi/pdf/10.1509/jm.10.0229
280,https://journals.sagepub.com/doi/pdf/10.1509/jm.12.0078
281,https://journals.sagepub.com/doi/pdf/10.1509/jm.11.0173
282,https://journals.sagepub.com/doi/pdf/10.1509/jm.10.0413
283,https://journals.sagepub.com/doi/pdf/10.1509/jm.80.6.1
284,https://journals.sagepub.com/doi/pdf/10.1509/jm.16.0248
285,https://journals.sagepub.com/doi/pdf/10.1509/jm.14.0192
286,https://journals.sagepub.com/doi/pdf/10.1509/jm.80.2.1
287,https://journals.sagepub.com/doi/pdf/10.1509/jm.15.0196
288,https://journals.sagepub.com/doi/pdf/10.1509/jm.15.0353
289,https://journals.sagepub.com/doi/pdf/10.1509/jm.13.0524
290,https://journals.sagepub.com/doi/pdf/10.1509/jmkg.67.2.106.18604
291,https://journals.sagepub.com/doi/pdf/10.1509/jmkg.65.1.44.18130
292,https://journals.sagepub.com/doi/pdf/10.1509/jmkg.68.4.33.42732
293,https://journals.sagepub.com/doi/pdf/10.1509/jmkg.68.4.106.42728
294,https://journals.sagepub.com/doi/pdf/10.1509/jm.10.0418
295,https://journals.sagepub.com/doi/pdf/10.1509/jmkg.69.3.95.66367
296,https://journals.sagepub.com/doi/pdf/10.1509/jmkg.71.1.160
297,https://journals.sagepub.com/doi/pdf/10.1509/jmkg.68.1.128.24034
298,https://journals.sagepub.com/doi/pdf/10.1509/jmkg.65.4.105.18387
299,https://journals.sagepub.com/doi/pdf/10.1509/jmkg.65.4.16.18382
300,https://journals.sagepub.com/doi/pdf/10.1509/jmkg.66.1.108.18452
301,https://journals.sagepub.com/doi/pdf/10.1509/jmkg.67.2.35.18612
302,https://journals.sagepub.com/doi/pdf/10.1509/jmkg.68.3.48.34766
303,https://journals.sagepub.com/doi/pdf/10.1509/jmkg.68.3.37.34769
304,https://journals.sagepub.com/doi/pdf/10.1509/jmkg.67.3.96.18651
305,https://journals.sagepub.com/doi/pdf/10.1509/jmkg.65.4.82.18390
306,https://journals.sagepub.com/doi/pdf/10.1509/jmkg.69.2.42.60756
307,https://journals.sagepub.com/doi/pdf/10.1509/jmkg.69.3.1.66358
308,https://journals.sagepub.com/doi/pdf/10.1509/jmkg.70.4.118
309,https://journals.sagepub.com/doi/pdf/10.1509/jmkg.65.2.54.18254
310,https://journals.sagepub.com/doi/pdf/10.1509/jmkg.70.4.136
311,https://journals.sagepub.com/doi/pdf/10.1509/jmkg.68.4.73.42727
312,https://journals.sagepub.com/doi/pdf/10.1509/jmkg.65.1.29.18136
313,https://journals.sagepub.com/doi/pdf/10.1509/jmkg.71.4.156
314,https://journals.sagepub.com/doi/pdf/10.1509/jmkg.64.3.102.18031
315,https://journals.sagepub.com/doi/pdf/10.1509/jmkg.65.2.107.18257
316,https://journals.sagepub.com/doi/pdf/10.1509/jmkg.66.2.142.18473
317,https://journals.sagepub.com/doi/pdf/10.1509/jmkg.64.4.65.18071
318,https://journals.sagepub.com/doi/pdf/10.1509/jmkg.65.1.71.18132
319,https://journals.sagepub.com/doi/pdf/10.1509/jmkg.65.3.17.18331
320,https://journals.sagepub.com/doi/pdf/10.1509/jmkg.66.3.141.18503
321,https://journals.sagepub.com/doi/pdf/10.1509/jmkg.67.2.49.18606
322,https://journals.sagepub.com/doi/pdf/10.1509/jmkg.68.1.109.24030
323,https://journals.sagepub.com/doi/pdf/10.1509/jmkg.67.4.67.18682
324,https://journals.sagepub.com/doi/pdf/10.1509/jmkg.68.3.110.34767
325,https://journals.sagepub.com/doi/pdf/10.1509/jmkg.73.6.137
326,https://journals.sagepub.com/doi/pdf/10.1509/jm.11.0011
327,https://journals.sagepub.com/doi/pdf/10.1509/jm.13.0056
328,https://journals.sagepub.com/doi/pdf/10.1509/jm.15.0033
329,https://journals.sagepub.com/doi/pdf/10.1509/jm.14.0231
330,https://journals.sagepub.com/doi/pdf/10.1509/jmkg.66.2.17.18480
331,https://journals.sagepub.com/doi/pdf/10.1509/jmkg.2005.69.4.61
332,https://journals.sagepub.com/doi/pdf/10.1509/jmkg.69.3.115.66364
333,https://journals.sagepub.com/doi/pdf/10.1509/jmkg.2005.69.4.153
334,https://journals.sagepub.com/doi/pdf/10.1509/jmkg.69.2.61.60759
335,https://journals.sagepub.com/doi/pdf/10.1509/jmkg.2005.69.4.193
336,https://journals.sagepub.com/doi/pdf/10.1509/jmkg.2005.69.4.219
337,https://journals.sagepub.com/doi/pdf/10.1509/jmkg.69.2.114.60762
338,https://journals.sagepub.com/doi/pdf/10.1509/jmkg.69.3.169.66366
339,https://journals.sagepub.com/doi/pdf/10.1509/jmkg.2005.69.4.155
340,https://journals.sagepub.com/doi/pdf/10.1509/jmkg.2005.69.4.230
341,https://journals.sagepub.com/doi/pdf/10.1509/jmkg.69.2.130.60758
342,https://journals.sagepub.com/doi/pdf/10.1509/jmkg.69.2.84.60760
343,https://journals.sagepub.com/doi/pdf/10.1509/jmkg.70.4.154
344,https://journals.sagepub.com/doi/pdf/10.1509/jmkg.71.1.113
345,https://journals.sagepub.com/doi/pdf/10.1509/jmkg.71.3.158
346,https://journals.sagepub.com/doi/pdf/10.1509/jmkg.71.3.171
347,https://journals.sagepub.com/doi/pdf/10.1509/jmkg.72.1.108
348,https://journals.sagepub.com/doi/pdf/10.1509/jm.10.0088
349,https://journals.sagepub.com/doi/pdf/10.1509/jmkg.72.4.105
350,https://journals.sagepub.com/doi/pdf/10.1509/jm.10.0537
351,https://journals.sagepub.com/doi/pdf/10.1509/jm.12.0422
352,https://journals.sagepub.com/doi/pdf/10.1509/jmkg.74.5.104
353,https://journals.sagepub.com/doi/pdf/10.1509/jmkg.73.6.61
354,https://journals.sagepub.com/doi/pdf/10.1509/jm.11.0251
355,https://journals.sagepub.com/doi/pdf/10.1509/jm.11.0316
356,https://journals.sagepub.com/doi/pdf/10.1509/jm.11.0245
357,https://journals.sagepub.com/doi/pdf/10.1509/jm.12.0421
358,https://journals.sagepub.com/doi/pdf/10.1509/jm.12.0190
359,https://journals.sagepub.com/doi/pdf/10.1509/jm.12.0179
360,https://journals.sagepub.com/doi/pdf/10.1509/jm.13.0387
361,https://journals.sagepub.com/doi/pdf/10.1509/jm.15.0282
362,https://journals.sagepub.com/doi/pdf/10.1509/jm.13.0437
363,https://journals.sagepub.com/doi/pdf/10.1509/jm.15.0484
364,https://journals.sagepub.com/doi/pdf/10.1509/jm.14.0273
365,https://journals.sagepub.com/doi/pdf/10.1509/jm.16.0211
366,https://journals.sagepub.com/doi/pdf/10.1509/jm.16.0173
367,https://journals.sagepub.com/doi/pdf/10.1509/jm.10.0015
368,https://journals.sagepub.com/doi/pdf/10.1509/jm.11.0105
369,https://journals.sagepub.com/doi/pdf/10.1509/jm.11.0264
370,https://journals.sagepub.com/doi/pdf/10.1509/jm.11.0463
371,https://journals.sagepub.com/doi/pdf/10.1509/jm.09.0094
372,https://journals.sagepub.com/doi/pdf/10.1509/jm.12.0021
373,https://journals.sagepub.com/doi/pdf/10.1509/jm.11.0528
374,https://journals.sagepub.com/doi/pdf/10.1509/jm.12.0052
375,https://journals.sagepub.com/doi/pdf/10.1509/jm.11.0529
376,https://journals.sagepub.com/doi/pdf/10.1509/jm.10.0529
377,https://journals.sagepub.com/doi/pdf/10.1509/jm.11.0112
378,https://journals.sagepub.com/doi/pdf/10.1509/jm.12.0196
379,https://journals.sagepub.com/doi/pdf/10.1509/jm.11.0310
380,https://journals.sagepub.com/doi/pdf/10.1509/jm.14.0091
381,https://journals.sagepub.com/doi/pdf/10.1509/jm.80.1.1
382,https://journals.sagepub.com/doi/pdf/10.1509/jm.11.0504
383,https://journals.sagepub.com/doi/pdf/10.1509/jm.13.0220
384,https://journals.sagepub.com/doi/pdf/10.1509/jm.12.0020
385,https://journals.sagepub.com/doi/pdf/10.1509/jm.15.0287
386,https://journals.sagepub.com/doi/pdf/10.1509/jm.15.0327
387,https://journals.sagepub.com/doi/pdf/10.1509/jm.16.0214
388,https://journals.sagepub.com/doi/pdf/10.1509/jm.14.0244
389,https://journals.sagepub.com/doi/pdf/10.1509/jm.14.0284
390,https://journals.sagepub.com/doi/pdf/10.1509/jm.16.0149
391,https://journals.sagepub.com/doi/pdf/10.1509/jm.14.0333
392,https://journals.sagepub.com/doi/pdf/10.1509/jm.15.0324
393,https://journals.sagepub.com/doi/pdf/10.1509/jm.15.0497
394,https://journals.sagepub.com/doi/pdf/10.1509/jm.14.0497
395,https://journals.sagepub.com/doi/pdf/10.1509/jm.15.0495
396,https://journals.sagepub.com/doi/pdf/10.1509/jm.15.0537
397,https://journals.sagepub.com/doi/pdf/10.1509/jm.14.0250
398,https://journals.sagepub.com/doi/pdf/10.1509/jm.15.0509
399,https://journals.sagepub.com/doi/pdf/10.1509/jm.15.0523
400,https://journals.sagepub.com/doi/pdf/10.1509/jm.15.0535
401,https://journals.sagepub.com/doi/pdf/10.1509/jmkg.73.2.14
402,https://journals.sagepub.com/doi/pdf/10.1509/jmkg.74.1.34
403,https://journals.sagepub.com/doi/pdf/10.1509/jmkg.74.1.20
404,https://journals.sagepub.com/doi/pdf/10.1509/jmkg.72.5.110
405,https://journals.sagepub.com/doi/pdf/10.1509/jmkg.72.2.15
406,https://journals.sagepub.com/doi/pdf/10.1509/jmkg.72.2.28
407,https://journals.sagepub.com/doi/pdf/10.1509/jmkg.72.1.118
408,https://journals.sagepub.com/doi/pdf/10.1509/jmkg.73.6.105
409,https://journals.sagepub.com/doi/pdf/10.1509/jmkg.74.1.108
410,https://journals.sagepub.com/doi/pdf/10.1509/jmkg.75.3.18
411,https://journals.sagepub.com/doi/pdf/10.1509/jmkg.71.4.121
412,https://journals.sagepub.com/doi/pdf/10.1509/jmkg.73.5.103
413,https://journals.sagepub.com/doi/pdf/10.1509/jmkg.74.4.110
414,https://journals.sagepub.com/doi/pdf/10.1509/jmkg.73.6.1
415,https://journals.sagepub.com/doi/pdf/10.1509/jmkg.73.2.38
416,https://journals.sagepub.com/doi/pdf/10.1509/jmkg.75.3.118
417,https://journals.sagepub.com/doi/pdf/10.1509/jmkg.75.3.132
418,https://journals.sagepub.com/doi/pdf/10.1509/jmkg.75.4.166
419,https://journals.sagepub.com/doi/pdf/10.1509/jmkg.75.4.211
420,https://journals.sagepub.com/doi/pdf/10.1509/jmkg.75.3.27
421,https://journals.sagepub.com/doi/pdf/10.1509/jm.09.0308
422,https://journals.sagepub.com/doi/pdf/10.1509/jm.10.0073
423,https://journals.sagepub.com/doi/pdf/10.1509/jm.10.0271
424,https://journals.sagepub.com/doi/pdf/10.1509/jmkg.75.5.53
425,https://journals.sagepub.com/doi/pdf/10.1509/jm.09.0581
426,https://journals.sagepub.com/doi/pdf/10.1509/jm.09.0320
427,https://journals.sagepub.com/doi/pdf/10.1509/jm.10.0448
428,https://journals.sagepub.com/doi/pdf/10.1509/jm.11.0510
429,https://journals.sagepub.com/doi/pdf/10.1509/jm.09.0487
430,https://journals.sagepub.com/doi/pdf/10.1509/jm.09.0486
431,https://journals.sagepub.com/doi/pdf/10.1509/jm.09.0081
432,https://journals.sagepub.com/doi/pdf/10.1509/jm.10.0462
433,https://journals.sagepub.com/doi/pdf/10.1509/jmkg.64.1.84.17988
434,https://journals.sagepub.com/doi/pdf/10.1509/jmkg.65.1.62.18134
435,https://journals.sagepub.com/doi/pdf/10.1509/jmkg.64.2.122.18003
436,https://journals.sagepub.com/doi/pdf/10.1509/jmkg.64.2.15.17998
437,https://journals.sagepub.com/doi/pdf/10.1509/jmkg.65.1.1.18133
438,https://journals.sagepub.com/doi/pdf/10.1509/jmkg.66.1.120.18448
439,https://journals.sagepub.com/doi/pdf/10.1509/jmkg.66.2.120.18470
440,https://journals.sagepub.com/doi/pdf/10.1509/jmkg.66.2.102.18478
441,https://journals.sagepub.com/doi/pdf/10.1509/jmkg.66.1.38.18451
442,https://journals.sagepub.com/doi/pdf/10.1509/jmkg.66.4.1.18520
443,https://journals.sagepub.com/doi/pdf/10.1509/jmkg.66.3.47.18508
444,https://journals.sagepub.com/doi/pdf/10.1509/jmkg.67.1.116.18593
445,https://journals.sagepub.com/doi/pdf/10.1509/jmkg.67.2.151.18611
446,https://journals.sagepub.com/doi/pdf/10.1509/jmkg.66.1.1.18447
447,https://journals.sagepub.com/doi/pdf/10.1509/jmkg.66.2.38.18471
448,https://journals.sagepub.com/doi/pdf/10.1509/jmkg.68.1.166.24033
449,https://journals.sagepub.com/doi/pdf/10.1509/jmkg.67.2.62.18615
450,https://journals.sagepub.com/doi/pdf/10.1509/jmkg.68.1.18.24035
451,https://journals.sagepub.com/doi/pdf/10.1509/jmkg.67.2.1.18607
452,https://journals.sagepub.com/doi/pdf/10.1509/jmkg.68.1.147.24027
453,https://journals.sagepub.com/doi/pdf/10.1509/jmkg.68.3.124.34771
454,https://journals.sagepub.com/doi/pdf/10.1509/jmkg.68.2.101.27792
455,https://journals.sagepub.com/doi/pdf/10.1509/jmkg.69.1.1.55513
456,https://journals.sagepub.com/doi/pdf/10.1509/jmkg.68.2.18.27790
457,https://journals.sagepub.com/doi/pdf/10.1509/jmkg.66.3.1.18505
458,https://journals.sagepub.com/doi/pdf/10.1509/jmkg.69.1.114.55514
459,https://journals.sagepub.com/doi/pdf/10.1509/jmkg.65.1.90.18135
460,https://journals.sagepub.com/doi/pdf/10.1509/jmkg.64.2.109.17997
461,https://journals.sagepub.com/doi/pdf/10.1509/jmkg.64.1.31.17985
462,https://journals.sagepub.com/doi/pdf/10.1509/jmkg.64.4.82.18073
463,https://journals.sagepub.com/doi/pdf/10.1509/jmkg.64.1.104.17991
464,https://journals.sagepub.com/doi/pdf/10.1509/jmkg.64.1.1.17987
465,https://journals.sagepub.com/doi/pdf/10.1509/jmkg.64.3.50.18024
466,https://journals.sagepub.com/doi/pdf/10.1509/jmkg.64.4.1.18078
467,https://journals.sagepub.com/doi/pdf/10.1509/jmkg.64.2.66.18000
468,https://journals.sagepub.com/doi/pdf/10.1509/jmkg.65.1.15.18129
469,https://journals.sagepub.com/doi/pdf/10.1509/jmkg.67.2.140.18616
470,https://journals.sagepub.com/doi/pdf/10.1509/jmkg.65.2.67.18259
471,https://journals.sagepub.com/doi/pdf/10.1509/jmkg.68.4.90.42734
472,https://journals.sagepub.com/doi/pdf/10.1509/jmkg.67.1.46.18591
473,https://journals.sagepub.com/doi/pdf/10.1509/jmkg.69.1.15.55507
474,https://journals.sagepub.com/doi/pdf/10.1509/jmkg.67.2.89.18614
475,https://journals.sagepub.com/doi/pdf/10.1509/jmkg.66.2.83.18476
476,https://journals.sagepub.com/doi/pdf/10.1509/jmkg.68.4.126.42735
477,https://journals.sagepub.com/doi/pdf/10.1509/jmkg.68.1.41.24026
478,https://journals.sagepub.com/doi/pdf/10.1509/jmkg.67.3.108.18655
479,https://journals.sagepub.com/doi/pdf/10.1509/jmkg.69.2.15.60763
480,https://journals.sagepub.com/doi/pdf/10.1509/jmkg.2005.69.4.201
481,https://journals.sagepub.com/doi/pdf/10.1509/jmkg.69.3.131.66359
482,https://journals.sagepub.com/doi/pdf/10.1509/jmkg.70.2.133
483,https://journals.sagepub.com/doi/pdf/10.1509/jmkg.2005.69.4.177
484,https://journals.sagepub.com/doi/pdf/10.1509/jmkg.2005.69.4.44
485,https://journals.sagepub.com/doi/pdf/10.1509/jmkg.2005.69.4.84
486,https://journals.sagepub.com/doi/pdf/10.1509/jmkg.70.3.136
487,https://journals.sagepub.com/doi/pdf/10.1509/jmkg.67.3.34.18653
488,https://journals.sagepub.com/doi/pdf/10.1509/jmkg.71.2.184
489,https://journals.sagepub.com/doi/pdf/10.1509/jmkg.71.2.150
490,https://journals.sagepub.com/doi/pdf/10.1509/jmkg.71.3.143
491,https://journals.sagepub.com/doi/pdf/10.1509/jmkg.71.3.194
492,https://journals.sagepub.com/doi/pdf/10.1509/jmkg.72.4.123
493,https://journals.sagepub.com/doi/pdf/10.1509/jmkg.73.6.92
494,https://journals.sagepub.com/doi/pdf/10.1509/jmkg.73.6.119
495,https://journals.sagepub.com/doi/pdf/10.1509/jmkg.75.4.1
496,https://journals.sagepub.com/doi/pdf/10.1509/jmkg.71.4.102
497,https://journals.sagepub.com/doi/pdf/10.1509/jmkg.73.2.105
498,https://journals.sagepub.com/doi/pdf/10.1509/jmkg.72.5.131
499,https://journals.sagepub.com/doi/pdf/10.1509/jmkg.75.4.225
500,https://journals.sagepub.com/doi/pdf/10.1509/jmkg.73.6.244
501,https://journals.sagepub.com/doi/pdf/10.1509/jm.10.0441
502,https://journals.sagepub.com/doi/pdf/10.1509/jm.10.0494
503,https://journals.sagepub.com/doi/pdf/10.1509/jmkg.75.5.71
504,https://journals.sagepub.com/doi/pdf/10.1509/jmkg.75.4.3
505,https://journals.sagepub.com/doi/pdf/10.1509/jm.10.0443
506,https://journals.sagepub.com/doi/pdf/10.1509/jm.11.0130
507,https://journals.sagepub.com/doi/pdf/10.1509/jm.11.0278
508,https://journals.sagepub.com/doi/pdf/10.1509/jm.11.0454
509,https://journals.sagepub.com/doi/pdf/10.1509/jm.10.0522
510,https://journals.sagepub.com/doi/pdf/10.1509/jm.11.0330
511,https://journals.sagepub.com/doi/pdf/10.1509/jm.12.0228
512,https://journals.sagepub.com/doi/pdf/10.1509/jm.11.0495
513,https://journals.sagepub.com/doi/pdf/10.1509/jm.11.0286
514,https://journals.sagepub.com/doi/pdf/10.1509/jm.11.0508
515,https://journals.sagepub.com/doi/pdf/10.1509/jm.11.0443
516,https://journals.sagepub.com/doi/pdf/10.1509/jm.10.0534
517,https://journals.sagepub.com/doi/pdf/10.1509/jm.13.0228
518,https://journals.sagepub.com/doi/pdf/10.1509/jm.13.0174
519,https://journals.sagepub.com/doi/pdf/10.1509/jm.14.0107
520,https://journals.sagepub.com/doi/pdf/10.1509/jm.12.0404
521,https://journals.sagepub.com/doi/pdf/10.1509/jm.15.0138
522,https://journals.sagepub.com/doi/pdf/10.1509/jm.13.0410
523,https://journals.sagepub.com/doi/pdf/10.1509/jm.15.0066
524,https://journals.sagepub.com/doi/pdf/10.1509/jm.15.0258
525,https://journals.sagepub.com/doi/pdf/10.1509/jm.79.1.1
526,https://journals.sagepub.com/doi/pdf/10.1509/jm.16.0236
527,https://journals.sagepub.com/doi/pdf/10.1509/jm.12.0349
528,https://journals.sagepub.com/doi/pdf/10.1509/jm.15.0105
529,https://journals.sagepub.com/doi/pdf/10.1509/jm.14.0138
530,https://journals.sagepub.com/doi/pdf/10.1509/jm.14.0305
531,https://journals.sagepub.com/doi/pdf/10.1509/jm.16.0154
532,https://journals.sagepub.com/doi/pdf/10.1509/jm.15.0304
533,https://journals.sagepub.com/doi/pdf/10.1509/jmkg.70.4.185
534,https://journals.sagepub.com/doi/pdf/10.1509/jmkg.71.1.129
535,https://journals.sagepub.com/doi/pdf/10.1509/jmkg.70.3.104
536,https://journals.sagepub.com/doi/pdf/10.1509/jmkg.70.3.120
537,https://journals.sagepub.com/doi/pdf/10.1509/jmkg.64.1.67.17993
538,https://journals.sagepub.com/doi/pdf/10.1509/jm.11.0544
539,https://journals.sagepub.com/doi/pdf/10.1509/jm.12.0344
540,https://journals.sagepub.com/doi/pdf/10.1509/jmkg.73.5.30
541,https://journals.sagepub.com/doi/pdf/10.1509/jmkg.66.4.57.18512
542,https://journals.sagepub.com/doi/pdf/10.1509/jmkg.65.3.91.18336
543,https://journals.sagepub.com/doi/pdf/10.1509/jmkg.67.1.100.18588
544,https://journals.sagepub.com/doi/pdf/10.1509/jmkg.67.1.14.18592
545,https://journals.sagepub.com/doi/pdf/10.1509/jmkg.64.2.1.17999
546,https://journals.sagepub.com/doi/pdf/10.1509/jmkg.65.2.1.18253
547,https://journals.sagepub.com/doi/pdf/10.1509/jmkg.68.1.59.24029
548,https://journals.sagepub.com/doi/pdf/10.1509/jmkg.67.1.4.18594
549,https://journals.sagepub.com/doi/pdf/10.1509/jmkg.69.1.131.55509
550,https://journals.sagepub.com/doi/pdf/10.1509/jmkg.67.4.82.18687
551,https://journals.sagepub.com/doi/pdf/10.1509/jmkg.67.4.46.18690
552,https://journals.sagepub.com/doi/pdf/10.1509/jmkg.68.1.90.24028
553,https://journals.sagepub.com/doi/pdf/10.1509/jmkg.2005.69.4.252
554,https://journals.sagepub.com/doi/pdf/10.1509/jmkg.2005.69.4.118
555,https://journals.sagepub.com/doi/pdf/10.1509/jm.11.0217
556,https://journals.sagepub.com/doi/pdf/10.1509/jm.16.0271
557,https://journals.sagepub.com/doi/pdf/10.1509/jm.15.0369
558,https://journals.sagepub.com/doi/pdf/10.1509/jm.13.0286
559,https://journals.sagepub.com/doi/pdf/10.1509/jm.13.0522
560,https://journals.sagepub.com/doi/pdf/10.1509/jm.14.0382
561,https://journals.sagepub.com/doi/pdf/10.1509/jm.15.0396
562,https://journals.sagepub.com/doi/pdf/10.1509/jm.15.0036
563,https://journals.sagepub.com/doi/pdf/10.1509/jm.15.0208
564,https://journals.sagepub.com/doi/pdf/10.1509/jm.16.0267
565,https://journals.sagepub.com/doi/pdf/10.1509/jm.15.0340
566,https://journals.sagepub.com/doi/pdf/10.1509/jm.15.0291
567,https://journals.sagepub.com/doi/pdf/10.1509/jmkg.71.2.114
568,https://journals.sagepub.com/doi/pdf/10.1509/jmkg.72.2.1
569,https://journals.sagepub.com/doi/pdf/10.1509/jmkg.72.3.124
570,https://journals.sagepub.com/doi/pdf/10.1509/jmkg.73.1.122
571,https://journals.sagepub.com/doi/pdf/10.1509/jmkg.75.4.128
572,https://journals.sagepub.com/doi/pdf/10.1509/jmkg.75.4.129
573,https://journals.sagepub.com/doi/pdf/10.1509/jmkg.73.6.214
574,https://journals.sagepub.com/doi/pdf/10.1509/jmkg.75.3.83
575,https://journals.sagepub.com/doi/pdf/10.1509/jmkg.75.5.105
576,https://journals.sagepub.com/doi/pdf/10.1509/jmkg.73.2.70
577,https://journals.sagepub.com/doi/pdf/10.1509/jmkg.75.5.34
578,https://journals.sagepub.com/doi/pdf/10.1509/jm.10.0377
579,https://journals.sagepub.com/doi/pdf/10.1509/jm.10.0202
580,https://journals.sagepub.com/doi/pdf/10.1509/jm.12.0051
581,https://journals.sagepub.com/doi/pdf/10.1509/jm.11.0570
582,https://journals.sagepub.com/doi/pdf/10.1509/jm.12.0325
583,https://journals.sagepub.com/doi/pdf/10.1509/jm.12.0442
584,https://journals.sagepub.com/doi/pdf/10.1509/jm.12.0089
585,https://journals.sagepub.com/doi/pdf/10.1509/jmkg.73.6.115
586,https://journals.sagepub.com/doi/pdf/10.1509/jm.10.0047
587,https://journals.sagepub.com/doi/pdf/10.1509/jmkg.73.3.118
588,https://journals.sagepub.com/doi/pdf/10.1509/jm.11.0261
589,https://journals.sagepub.com/doi/pdf/10.1509/jmkg.73.2.123
590,https://journals.sagepub.com/doi/pdf/10.1509/jm.12.0151
591,https://journals.sagepub.com/doi/pdf/10.1509/jm.13.0026
592,https://journals.sagepub.com/doi/pdf/10.1509/jm.13.0218
593,https://journals.sagepub.com/doi/pdf/10.1509/jm.80.5.1
594,https://journals.sagepub.com/doi/pdf/10.1509/jm.13.0190
595,https://journals.sagepub.com/doi/pdf/10.1509/jm.12.0408
596,https://journals.sagepub.com/doi/pdf/10.1509/jm.14.0057
597,https://journals.sagepub.com/doi/pdf/10.1509/jm.15.0519
598,https://journals.sagepub.com/doi/pdf/10.1509/jm.15.0109
599,https://journals.sagepub.com/doi/pdf/10.1509/jm.14.0444
600,https://journals.sagepub.com/doi/pdf/10.1509/jm.16.0038
601,https://journals.sagepub.com/doi/pdf/10.1509/jmkg.64.4.110.18069
602,https://journals.sagepub.com/doi/pdf/10.1509/jmkg.64.2.92.18002
603,https://journals.sagepub.com/doi/pdf/10.1509/jmkg.66.1.94.18453
604,https://journals.sagepub.com/doi/pdf/10.1509/jmkg.64.3.88.18032
605,https://journals.sagepub.com/doi/pdf/10.1509/jmkg.64.2.35.18001
606,https://journals.sagepub.com/doi/pdf/10.1509/jmkg.66.3.33.18500
607,https://journals.sagepub.com/doi/pdf/10.1509/jmkg.64.3.65.18028
608,https://journals.sagepub.com/doi/pdf/10.1509/jmkg.66.4.118.18521
609,https://journals.sagepub.com/doi/pdf/10.1509/jmkg.66.4.102.18517
610,https://journals.sagepub.com/doi/pdf/10.1509/jmkg.67.4.1.18688
611,https://journals.sagepub.com/doi/pdf/10.1509/jmkg.68.2.51.27789
612,https://journals.sagepub.com/doi/pdf/10.1509/jmkg.66.4.86.18511
613,https://journals.sagepub.com/doi/pdf/10.1509/jmkg.67.3.1.18652
614,https://journals.sagepub.com/doi/pdf/10.1509/jmkg.67.3.80.18656
615,https://journals.sagepub.com/doi/pdf/10.1509/jmkg.68.3.21.34765
616,https://journals.sagepub.com/doi/pdf/10.1509/jmkg.68.3.92.34770
617,https://journals.sagepub.com/doi/pdf/10.1509/jmkg.69.1.46.55506
618,https://journals.sagepub.com/doi/pdf/10.1509/jmkg.68.3.63.34772
619,https://journals.sagepub.com/doi/pdf/10.1509/jmkg.66.4.40.18519
620,https://journals.sagepub.com/doi/pdf/10.1509/jmkg.2005.69.4.1
621,https://journals.sagepub.com/doi/pdf/10.1509/jmkg.67.3.63.18654
622,https://journals.sagepub.com/doi/pdf/10.1509/jmkg.69.3.35.66357
623,https://journals.sagepub.com/doi/pdf/10.1509/jm.13.0185
624,https://journals.sagepub.com/doi/pdf/10.1509/jm.10.0033
625,https://journals.sagepub.com/doi/pdf/10.1509/jmkg.74.6.1
626,https://journals.sagepub.com/doi/pdf/10.1509/jmkg.73.1.109
627,https://journals.sagepub.com/doi/pdf/10.1509/jmkg.72.2.99
628,https://journals.sagepub.com/doi/pdf/10.1509/jm.10.0162
629,https://journals.sagepub.com/doi/pdf/10.1509/jmkg.74.6.111
630,https://journals.sagepub.com/doi/pdf/10.1509/jm.10.0348
631,https://journals.sagepub.com/doi/pdf/10.1509/jm.10.0406
632,https://journals.sagepub.com/doi/pdf/10.1509/jm.11.0566
633,https://journals.sagepub.com/doi/pdf/10.1509/jm.09.0420
634,https://journals.sagepub.com/doi/pdf/10.1509/jm.12.0468
635,https://journals.sagepub.com/doi/pdf/10.1509/jm.11.0610
636,https://journals.sagepub.com/doi/pdf/10.1509/jm.13.0253
637,https://journals.sagepub.com/doi/pdf/10.1509/jm.14.0169
638,https://journals.sagepub.com/doi/pdf/10.1509/jm.13.0509
639,https://journals.sagepub.com/doi/pdf/10.1509/jm.11.0599
640,https://journals.sagepub.com/doi/pdf/10.1509/jm.13.0521
641,https://journals.sagepub.com/doi/pdf/10.1509/jm.14.0357
642,https://journals.sagepub.com/doi/pdf/10.1509/jm.15.0154
643,https://journals.sagepub.com/doi/pdf/10.1509/jm.15.0395
644,https://journals.sagepub.com/doi/pdf/10.1509/jm.15.0430
645,https://journals.sagepub.com/doi/pdf/10.1509/jm.15.0419
646,https://journals.sagepub.com/doi/pdf/10.1509/jm.15.0342
647,https://journals.sagepub.com/doi/pdf/10.1509/jm.16.0311
648,https://journals.sagepub.com/doi/pdf/10.1509/jmkg.75.3.99
649,https://journals.sagepub.com/doi/pdf/10.1509/jmkg.73.2.146
650,https://journals.sagepub.com/doi/pdf/10.1509/jmkg.71.4.195
651,https://journals.sagepub.com/doi/pdf/10.1509/jmkg.71.4.140
652,https://journals.sagepub.com/doi/pdf/10.1509/jmkg.73.6.167
653,https://journals.sagepub.com/doi/pdf/10.1509/jmkg.73.1.133
654,https://journals.sagepub.com/doi/pdf/10.1509/jmkg.73.2.1
655,https://journals.sagepub.com/doi/pdf/10.1509/jmkg.75.3.i
656,https://journals.sagepub.com/doi/pdf/10.1509/jmkg.74.6.77
657,https://journals.sagepub.com/doi/pdf/10.1509/jmkg.74.6.61
658,https://journals.sagepub.com/doi/pdf/10.1509/jmkg.75.5.18
659,https://journals.sagepub.com/doi/pdf/10.1509/jmkg.75.4.110
660,https://journals.sagepub.com/doi/pdf/10.1509/jm.11.0560
661,https://journals.sagepub.com/doi/pdf/10.1509/jm.10.0400
662,https://journals.sagepub.com/doi/pdf/10.1509/jm.09.0209
663,https://journals.sagepub.com/doi/pdf/10.1509/jm.11.0400
664,https://journals.sagepub.com/doi/pdf/10.1509/jm.10.0416
665,https://journals.sagepub.com/doi/pdf/10.1509/jm.10.0414
666,https://journals.sagepub.com/doi/pdf/10.1509/jm.11.0428
667,https://journals.sagepub.com/doi/pdf/10.1509/jm.12.0527
668,https://journals.sagepub.com/doi/pdf/10.1509/jm.11.0164
669,https://journals.sagepub.com/doi/pdf/10.1509/jm.14.0018
670,https://journals.sagepub.com/doi/pdf/10.1509/jm.13.0479
671,https://journals.sagepub.com/doi/pdf/10.1509/jm.13.0280
672,https://journals.sagepub.com/doi/pdf/10.1509/jm.13.0490
673,https://journals.sagepub.com/doi/pdf/10.1509/jm.12.0296
674,https://journals.sagepub.com/doi/pdf/10.1509/jm.15.0153
675,https://journals.sagepub.com/doi/pdf/10.1509/jm.14.0351
676,https://journals.sagepub.com/doi/pdf/10.1509/jm.15.0423
677,https://journals.sagepub.com/doi/pdf/10.1509/jm.15.0178
678,https://journals.sagepub.com/doi/pdf/10.1509/jm.14.0344
679,https://journals.sagepub.com/doi/pdf/10.1509/jmkg.71.1.146
680,https://journals.sagepub.com/doi/pdf/10.1509/jmkg.68.2.88.27787
681,https://journals.sagepub.com/doi/pdf/10.1509/jmkg.67.4.30.18685
682,https://journals.sagepub.com/doi/pdf/10.1509/jm.15.0315
683,https://journals.sagepub.com/doi/pdf/10.1509/jmkg.65.2.19.18256
684,https://journals.sagepub.com/doi/pdf/10.1509/jmkg.66.3.98.18510
685,https://journals.sagepub.com/doi/pdf/10.1509/jmkg.65.3.104.18335
686,https://journals.sagepub.com/doi/pdf/10.1509/jmkg.66.3.18.18507
687,https://journals.sagepub.com/doi/pdf/10.1509/jmkg.67.1.129.18587
688,https://journals.sagepub.com/doi/pdf/10.1509/jmkg.65.4.117.18383
689,https://journals.sagepub.com/doi/pdf/10.1509/jmkg.65.4.67.18385
690,https://journals.sagepub.com/doi/pdf/10.1509/jmkg.69.2.1.60755
691,https://journals.sagepub.com/doi/pdf/10.1509/jmkg.2005.69.4.133
692,https://journals.sagepub.com/doi/pdf/10.1509/jmkg.69.2.24.60761
693,https://journals.sagepub.com/doi/pdf/10.1509/jmkg.68.4.157.42730
694,https://journals.sagepub.com/doi/pdf/10.1177/0022242918813119
695,https://journals.sagepub.com/doi/pdf/10.1177/0022242918809673
696,https://journals.sagepub.com/doi/pdf/10.1177/0022242918815163
697,https://journals.sagepub.com/doi/pdf/10.1509/jmkg.71.3.124
698,https://journals.sagepub.com/doi/pdf/10.1509/jmkg.68.3.78.34764
699,https://journals.sagepub.com/doi/pdf/10.1509/jmkg.72.6.109
700,https://journals.sagepub.com/doi/pdf/10.1509/jmkg.65.3.79.18329
701,https://journals.sagepub.com/doi/pdf/10.1509/jmkg.73.6.18
702,https://journals.sagepub.com/doi/pdf/10.1509/jmkg.73.6.184
703,https://journals.sagepub.com/doi/pdf/10.1509/jmkg.72.6.132
704,https://journals.sagepub.com/doi/pdf/10.1509/jm.13.0263
705,https://journals.sagepub.com/doi/pdf/10.1509/jmkg.71.4.172
706,https://journals.sagepub.com/doi/pdf/10.1509/jmkg.75.3.49
707,https://journals.sagepub.com/doi/pdf/10.1509/jmkg.74.6.94
708,https://journals.sagepub.com/doi/pdf/10.1509/jmkg.74.1.65
709,https://journals.sagepub.com/doi/pdf/10.1509/jm.09.0362
710,https://journals.sagepub.com/doi/pdf/10.1509/jmkg.75.5.120
711,https://journals.sagepub.com/doi/pdf/10.1509/jmkg.75.3.1
712,https://journals.sagepub.com/doi/pdf/10.1509/jmkg.75.5.1
713,https://journals.sagepub.com/doi/pdf/10.1509/jmkg.75.4.94
714,https://journals.sagepub.com/doi/pdf/10.1509/jm.75.6.editorial
715,https://journals.sagepub.com/doi/pdf/10.1509/jmkg.75.4.68
716,https://journals.sagepub.com/doi/pdf/10.1509/jm.10.0209
717,https://journals.sagepub.com/doi/pdf/10.1509/jm.09.0199
718,https://journals.sagepub.com/doi/pdf/10.1509/jm.09.0202
719,https://journals.sagepub.com/doi/pdf/10.1509/jm.11.0181
720,https://journals.sagepub.com/doi/pdf/10.1509/jm.11.0424
721,https://journals.sagepub.com/doi/pdf/10.1509/jm.10.0419
722,https://journals.sagepub.com/doi/pdf/10.1509/jm.10.0145
723,https://journals.sagepub.com/doi/pdf/10.1509/jm.11.0356
724,https://journals.sagepub.com/doi/pdf/10.1509/jm.12.0529
725,https://journals.sagepub.com/doi/pdf/10.1509/jm.11.0145
726,https://journals.sagepub.com/doi/pdf/10.1509/jm.12.0471
727,https://journals.sagepub.com/doi/pdf/10.1509/jm.12.0314
728,https://journals.sagepub.com/doi/pdf/10.1509/jm.11.0222
729,https://journals.sagepub.com/doi/pdf/10.1509/jm.11.0431
730,https://journals.sagepub.com/doi/pdf/10.1509/jm.11.0423
731,https://journals.sagepub.com/doi/pdf/10.1509/jm.13.0272
732,https://journals.sagepub.com/doi/pdf/10.1509/jm.11.0436
733,https://journals.sagepub.com/doi/pdf/10.1509/jm.11.0592
734,https://journals.sagepub.com/doi/pdf/10.1509/jm.12.0317
735,https://journals.sagepub.com/doi/pdf/10.1509/jm.14.0003
736,https://journals.sagepub.com/doi/pdf/10.1509/jm.09.0363
737,https://journals.sagepub.com/doi/pdf/10.1509/jm.13.0075
738,https://journals.sagepub.com/doi/pdf/10.1509/jm.12.0060
739,https://journals.sagepub.com/doi/pdf/10.1509/jm.12.0106
740,https://journals.sagepub.com/doi/pdf/10.1509/jm.13.0059
741,https://journals.sagepub.com/doi/pdf/10.1509/jm.13.0104
742,https://journals.sagepub.com/doi/pdf/10.1509/jm.12.0303
743,https://journals.sagepub.com/doi/pdf/10.1509/jm.13.0475
744,https://journals.sagepub.com/doi/pdf/10.1509/jm.78.4.1
745,https://journals.sagepub.com/doi/pdf/10.1509/jm.13.0303
746,https://journals.sagepub.com/doi/pdf/10.1509/jm.12.0328
747,https://journals.sagepub.com/doi/pdf/10.1509/jm.12.0459
748,https://journals.sagepub.com/doi/pdf/10.1509/jm.14.0389
749,https://journals.sagepub.com/doi/pdf/10.1509/jm.13.0505
750,https://journals.sagepub.com/doi/pdf/10.1509/jm.14.0202
751,https://journals.sagepub.com/doi/pdf/10.1509/jm.13.0312
752,https://journals.sagepub.com/doi/pdf/10.1509/jm.15.0013
753,https://journals.sagepub.com/doi/pdf/10.1509/jm.14.0398
754,https://journals.sagepub.com/doi/pdf/10.1509/jm.14.0160
755,https://journals.sagepub.com/doi/pdf/10.1509/jm.15.0413
756,https://journals.sagepub.com/doi/pdf/10.1509/jmkg.72.2.46
757,https://journals.sagepub.com/doi/pdf/10.1509/jmkg.73.4.109
758,https://journals.sagepub.com/doi/pdf/10.1509/jmkg.72.2.80
759,https://journals.sagepub.com/doi/pdf/10.1509/jmkg.73.5.122
760,https://journals.sagepub.com/doi/pdf/10.1509/jmkg.73.2.55
761,https://journals.sagepub.com/doi/pdf/10.1509/jmkg.73.6.154
762,https://journals.sagepub.com/doi/pdf/10.1509/jmkg.75.4.132
763,https://journals.sagepub.com/doi/pdf/10.1509/jmkg.74.1.49
764,https://journals.sagepub.com/doi/pdf/10.1509/jmkg.74.1.1
765,https://journals.sagepub.com/doi/pdf/10.1509/jmkg.73.6.33
766,https://journals.sagepub.com/doi/pdf/10.1509/jmkg.75.4.53
767,https://journals.sagepub.com/doi/pdf/10.1509/jmkg.73.6.227
768,https://journals.sagepub.com/doi/pdf/10.1509/jm.15.0398
769,https://journals.sagepub.com/doi/pdf/10.1509/jm.16.0044
770,https://journals.sagepub.com/doi/pdf/10.1509/jmkg.64.3.115.18025
771,https://journals.sagepub.com/doi/pdf/10.1509/jmkg.64.4.122.18076
772,https://journals.sagepub.com/doi/pdf/10.1509/jmkg.64.1.91.17983
773,https://journals.sagepub.com/doi/pdf/10.1509/jmkg.64.1.88.17984
774,https://journals.sagepub.com/doi/pdf/10.1509/jmkg.65.2.94.18251
775,https://journals.sagepub.com/doi/pdf/10.1509/jmkg.65.3.50.18330
776,https://journals.sagepub.com/doi/pdf/10.1509/jmkg.64.1.50.17989
777,https://journals.sagepub.com/doi/pdf/10.1509/jmkg.65.2.35.18252
778,https://journals.sagepub.com/doi/pdf/10.1509/jmkg.66.2.1.18472
779,https://journals.sagepub.com/doi/pdf/10.1509/jmkg.66.3.112.18502
780,https://journals.sagepub.com/doi/pdf/10.1509/jmkg.66.2.61.18474
781,https://journals.sagepub.com/doi/pdf/10.1509/jmkg.66.4.25.18513
782,https://journals.sagepub.com/doi/pdf/10.1509/jmkg.67.1.1.18596
783,https://journals.sagepub.com/doi/pdf/10.1509/jmkg.68.1.28.24032
784,https://journals.sagepub.com/doi/pdf/10.1509/jmkg.68.3.1.34768
785,https://journals.sagepub.com/doi/pdf/10.1509/jmkg.68.4.186.42731
786,https://journals.sagepub.com/doi/pdf/10.1509/jmkg.68.2.1.27786
787,https://journals.sagepub.com/doi/pdf/10.1509/jmkg.2005.69.4.264
788,https://journals.sagepub.com/doi/pdf/10.1509/jmkg.2005.69.4.262
789,https://journals.sagepub.com/doi/pdf/10.1509/jmkg.69.2.97.60757
790,https://journals.sagepub.com/doi/pdf/10.1509/jmkg.71.1.194
791,https://journals.sagepub.com/doi/pdf/10.1509/jmkg.71.3.108
792,https://journals.sagepub.com/doi/pdf/10.1509/jm.16.0125
793,https://journals.sagepub.com/doi/pdf/10.1509/jmkg.64.4.17.18077
794,https://journals.sagepub.com/doi/pdf/10.1509/jmkg.65.1.103.18131
795,https://journals.sagepub.com/doi/pdf/10.1509/jmkg.65.3.34.18334
796,https://journals.sagepub.com/doi/pdf/10.1509/jmkg.67.2.123.18610
797,https://journals.sagepub.com/doi/pdf/10.1509/jmkg.67.3.47.18659
798,https://journals.sagepub.com/doi/pdf/10.1509/jmkg.68.4.16.42726
799,https://journals.sagepub.com/doi/pdf/10.1509/jmkg.69.1.32.55512
800,https://journals.sagepub.com/doi/pdf/10.1509/jmkg.69.3.80.66360
801,https://journals.sagepub.com/doi/pdf/10.1509/jmkg.70.4.103
802,https://journals.sagepub.com/doi/pdf/10.1509/jmkg.70.4.92
803,https://journals.sagepub.com/doi/pdf/10.1509/jmkg.75.3.66
804,https://journals.sagepub.com/doi/pdf/10.1509/jmkg.74.5.80
805,https://journals.sagepub.com/doi/pdf/10.1509/jm.11.0219
806,https://journals.sagepub.com/doi/pdf/10.1509/jm.15.0415
807,https://journals.sagepub.com/doi/pdf/10.1509/jm.15.0007
808,https://journals.sagepub.com/doi/pdf/10.1509/jmkg.70.4.56
809,https://journals.sagepub.com/doi/pdf/10.1509/jmkg.66.1.15.18449
810,https://journals.sagepub.com/doi/pdf/10.1509/jmkg.72.4.29
811,https://journals.sagepub.com/doi/pdf/10.1509/jmkg.73.4.125
812,https://journals.sagepub.com/doi/pdf/10.1509/jm.13.0212
813,https://journals.sagepub.com/doi/pdf/10.1509/jmkg.68.4.47.42722
814,https://journals.sagepub.com/doi/pdf/10.1509/jmkg.64.3.34.18030
815,https://journals.sagepub.com/doi/pdf/10.1509/jmkg.72.4.44
816,https://journals.sagepub.com/doi/pdf/10.1509/jmkg.66.4.7.18515
817,https://journals.sagepub.com/doi/pdf/10.1509/jm.16.0501
818,https://journals.sagepub.com/doi/pdf/10.1509/jm.10.0182
819,https://journals.sagepub.com/doi/pdf/10.1509/jm.13.0300
820,https://journals.sagepub.com/doi/pdf/10.1509/jmkg.68.1.73.24037
821,https://journals.sagepub.com/doi/pdf/10.1509/jmkg.2005.69.4.103
822,https://journals.sagepub.com/doi/pdf/10.1509/jm.15.0206
823,https://journals.sagepub.com/doi/pdf/10.1509/jmkg.64.1.17.17990
824,https://journals.sagepub.com/doi/pdf/10.1509/jmkg.73.5.90
825,https://journals.sagepub.com/doi/pdf/10.1509/jmkg.2006.70.1.50
826,https://journals.sagepub.com/doi/pdf/10.1509/jm.75.1.1
827,https://journals.sagepub.com/doi/pdf/10.1509/jmkg.70.3.58
828,https://journals.sagepub.com/doi/pdf/10.1509/jmkg.74.5.018
829,https://journals.sagepub.com/doi/pdf/10.1509/jmkg.74.3.080
830,https://journals.sagepub.com/doi/pdf/10.1509/jmkg.72.3.048
831,https://journals.sagepub.com/doi/pdf/10.1509/jmkg.70.3.058
832,https://journals.sagepub.com/doi/pdf/10.1509/jmkg.72.3.48
833,https://journals.sagepub.com/doi/pdf/10.1509/jmkg.74.3.80
834,https://journals.sagepub.com/doi/pdf/10.1509/jmkg.74.5.18
835,https://journals.sagepub.com/doi/pdf/10.1509/jmkg.70.3.74
836,https://journals.sagepub.com/doi/pdf/10.1509/jmkg.64.3.1.18033
837,https://journals.sagepub.com/doi/pdf/10.1509/jmkg.70.3.32
838,https://journals.sagepub.com/doi/pdf/10.1509/jmkg.2006.70.1.107
839,https://journals.sagepub.com/doi/pdf/10.1509/jmkg.70.2.81
840,https://journals.sagepub.com/doi/pdf/10.1509/jmkg.73.1.24
841,https://journals.sagepub.com/doi/pdf/10.1509/jmkg.72.1.16
842,https://journals.sagepub.com/doi/pdf/10.1509/jmkg.70.4.1
843,https://journals.sagepub.com/doi/pdf/10.1509/jmkg.70.4.70
844,https://journals.sagepub.com/doi/pdf/10.1509/jmkg.2006.70.1.3
845,https://journals.sagepub.com/doi/pdf/10.1509/jmkg.71.3.75
846,https://journals.sagepub.com/doi/pdf/10.1509/jmkg.70.3.032
847,https://journals.sagepub.com/doi/pdf/10.1509/jmkg.70.4.001
848,https://journals.sagepub.com/doi/pdf/10.1509/jmkg.70.2.081
849,https://journals.sagepub.com/doi/pdf/10.1509/jmkg.70.4.070
850,https://journals.sagepub.com/doi/pdf/10.1509/jmkg.71.3.075
851,https://journals.sagepub.com/doi/pdf/10.1509/jmkg.71.1.035
852,https://journals.sagepub.com/doi/pdf/10.1509/jmkg.73.1.024
853,https://journals.sagepub.com/doi/pdf/10.1509/jmkg.72.1.065
854,https://journals.sagepub.com/doi/pdf/10.1509/jmkg.70.1.107.qxd
855,https://journals.sagepub.com/doi/pdf/10.1509/jmkg.71.2.61
856,https://journals.sagepub.com/doi/pdf/10.1509/jmkg.72.1.016
857,https://journals.sagepub.com/doi/pdf/10.1509/jmkg.70.1.003.qxd
858,https://journals.sagepub.com/doi/pdf/10.1509/jmkg.70.2.018
859,https://journals.sagepub.com/doi/pdf/10.1509/jmkg.65.2.81.18255
860,https://journals.sagepub.com/doi/pdf/10.1509/jmkg.68.4.172.42723
861,https://journals.sagepub.com/doi/pdf/10.1509/jmkg.72.5.001
862,https://journals.sagepub.com/doi/pdf/10.1509/jm.17.0195
863,https://journals.sagepub.com/doi/pdf/10.1509/jm.16.0179
864,https://journals.sagepub.com/doi/pdf/10.1509/jm.16.0140
865,https://journals.sagepub.com/doi/pdf/10.1509/jm.17.0328
866,https://journals.sagepub.com/doi/pdf/10.1509/jm.17.0002
867,https://journals.sagepub.com/doi/pdf/10.1509/jm.17.0113
868,https://journals.sagepub.com/doi/pdf/10.1509/jmkg.74.5.001
869,https://journals.sagepub.com/doi/pdf/10.1509/jm.09.0395
870,https://journals.sagepub.com/doi/pdf/10.1509/jmkg.71.1.35
871,https://journals.sagepub.com/doi/pdf/10.1509/jmkg.70.2.18
872,https://journals.sagepub.com/doi/pdf/10.1509/jmkg.74.2.121
873,https://journals.sagepub.com/doi/pdf/10.1509/jmkg.69.1.95.55510
874,https://journals.sagepub.com/doi/pdf/10.1509/jm.74.2.40
875,https://journals.sagepub.com/doi/pdf/10.1509/jmkg.75.1.16
876,https://journals.sagepub.com/doi/pdf/10.1509/jmkg.71.3.89
877,https://journals.sagepub.com/doi/pdf/10.1509/jmkg.74.2.1
878,https://journals.sagepub.com/doi/pdf/10.1509/jmkg.74.3.65
879,https://journals.sagepub.com/doi/pdf/10.1509/jm.74.2.1
880,https://journals.sagepub.com/doi/pdf/10.1509/jmkg.74.5.1
881,https://journals.sagepub.com/doi/pdf/10.1509/jmkg.74.2.90
882,https://journals.sagepub.com/doi/pdf/10.1509/jmkg.71.1.16
883,https://journals.sagepub.com/doi/pdf/10.1509/jmkg.69.3.19.66363
884,https://journals.sagepub.com/doi/pdf/10.1509/jmkg.67.2.76.18609
885,https://journals.sagepub.com/doi/pdf/10.1509/jmkg.75.2.36
886,https://journals.sagepub.com/doi/pdf/10.1509/jmkg.70.1.034.qxd
887,https://journals.sagepub.com/doi/pdf/10.1509/jmkg.71.3.39
888,https://journals.sagepub.com/doi/pdf/10.1509/jmkg.70.3.001
889,https://journals.sagepub.com/doi/pdf/10.1509/jmkg.73.3.86
890,https://journals.sagepub.com/doi/pdf/10.1509/jmkg.72.1.65
891,https://journals.sagepub.com/doi/pdf/10.1509/jmkg.71.1.1
892,https://journals.sagepub.com/doi/pdf/10.1509/jmkg.73.6.47
893,https://journals.sagepub.com/doi/pdf/10.1509/jmkg.74.3.065
894,https://journals.sagepub.com/doi/pdf/10.1509/jmkg.71.1.016
895,https://journals.sagepub.com/doi/pdf/10.1509/jmkg.75.1.1
896,https://journals.sagepub.com/doi/pdf/10.1509/jmkg.74.2.133
897,https://journals.sagepub.com/doi/pdf/10.1509/jm.15.0481
898,https://journals.sagepub.com/doi/pdf/10.1509/jm.16.0276
899,https://journals.sagepub.com/doi/pdf/10.1509/jm.15.0511
900,https://journals.sagepub.com/doi/pdf/10.1509/jm.16.0113
901,https://journals.sagepub.com/doi/pdf/10.1509/jm.16.0124
902,https://journals.sagepub.com/doi/pdf/10.1509/jm.16.0268
903,https://journals.sagepub.com/doi/pdf/10.1509/jm.15.0121
904,https://journals.sagepub.com/doi/pdf/10.1509/jm.16.0200
905,https://journals.sagepub.com/doi/pdf/10.1509/jm.16.0346
906,https://journals.sagepub.com/doi/pdf/10.1509/jm.16.0250
907,https://journals.sagepub.com/doi/pdf/10.1509/jm.15.0150
908,https://journals.sagepub.com/doi/pdf/10.1509/jm.16.0476
909,https://journals.sagepub.com/doi/pdf/10.1509/jm.16.0247
910,https://journals.sagepub.com/doi/pdf/10.1509/jm.15.0536
911,https://journals.sagepub.com/doi/pdf/10.1509/jm.14.0510
912,https://journals.sagepub.com/doi/pdf/10.1509/jm.16.0335
913,https://journals.sagepub.com/doi/pdf/10.1509/jm.15.0365
914,https://journals.sagepub.com/doi/pdf/10.1509/jm.15.0297
915,https://journals.sagepub.com/doi/pdf/10.1509/jm.16.0048
916,https://journals.sagepub.com/doi/pdf/10.1509/jm.17.0277
917,https://journals.sagepub.com/doi/pdf/10.1509/jm.16.0169
918,https://journals.sagepub.com/doi/pdf/10.1509/jm.82.43
919,https://journals.sagepub.com/doi/pdf/10.1509/jm.17.0279
920,https://journals.sagepub.com/doi/pdf/10.1509/jm.16.0269
921,https://journals.sagepub.com/doi/pdf/10.1509/jm.82.41
922,https://journals.sagepub.com/doi/pdf/10.1509/jm.82.42
923,https://journals.sagepub.com/doi/pdf/10.1509/jmkg.75.1.109
924,https://journals.sagepub.com/doi/pdf/10.1509/jmkg.74.2.20
925,https://journals.sagepub.com/doi/pdf/10.1509/jmkg.70.3.1
926,https://journals.sagepub.com/doi/pdf/10.1509/jmkg.74.4.81
927,https://journals.sagepub.com/doi/pdf/10.1509/jmkg.70.1.050.qxd
928,https://journals.sagepub.com/doi/pdf/10.1509/jm.74.2.90
929,https://journals.sagepub.com/doi/pdf/10.1509/jm.17.0208
930,https://journals.sagepub.com/doi/pdf/10.1509/jm.15.0267
931,https://journals.sagepub.com/doi/pdf/10.1509/jm.09.0339
932,https://journals.sagepub.com/doi/pdf/10.1509/jm.15.0420
933,https://journals.sagepub.com/doi/pdf/10.1509/jmkg.70.3.074
934,https://journals.sagepub.com/doi/pdf/10.1509/jmkg.68.4.1.42733
935,https://journals.sagepub.com/doi/pdf/10.1509/jmkg.71.1.001
936,https://journals.sagepub.com/doi/pdf/10.1509/jmkg.71.3.1
937,https://journals.sagepub.com/doi/pdf/10.1509/jm.74.2.20
938,https://journals.sagepub.com/doi/pdf/10.1509/jm.75.1.109
939,https://journals.sagepub.com/doi/pdf/10.1509/jmkg.68.1.1.24036
940,https://journals.sagepub.com/doi/pdf/10.1509/jmkg.73.6.198
941,https://journals.sagepub.com/doi/pdf/10.1509/jmkg.67.1.63.18595
942,https://journals.sagepub.com/doi/pdf/10.1509/jmkg.70.4.37
943,https://journals.sagepub.com/doi/pdf/10.1509/jmkg.71.3.089
944,https://journals.sagepub.com/doi/pdf/10.1509/jmkg.72.3.14
945,https://journals.sagepub.com/doi/pdf/10.1509/jmkg.75.4.136
946,https://journals.sagepub.com/doi/pdf/10.1509/jmkg.71.3.001
947,https://journals.sagepub.com/doi/pdf/10.1509/jm.17.0100
948,https://journals.sagepub.com/doi/pdf/10.1509/jm.17.0276
949,https://journals.sagepub.com/doi/pdf/10.1509/jmkg.72.5.98
950,https://journals.sagepub.com/doi/pdf/10.1509/jm.11.0485
951,https://journals.sagepub.com/doi/pdf/10.1509/jm.10.0368
952,https://journals.sagepub.com/doi/pdf/10.1509/jmkg.73.3.52
953,https://journals.sagepub.com/doi/pdf/10.1509/jmkg.72.1.27
954,https://journals.sagepub.com/doi/pdf/10.1509/jmkg.72.1.027
955,https://journals.sagepub.com/doi/pdf/10.1509/jmkg.73.3.052
956,https://journals.sagepub.com/doi/pdf/10.1509/jmkg.67.2.19.18608
